id,rouge1_precision,rouge1_recall,rouge1_f1,rouge2_precision,rouge2_recall,rouge2_f1,rougeL_precision,rougeL_recall,rougeL_f1,compression_ratio_pct,latency_ms,original_words,summary_words
30490945,0.09448818897637795,0.6,0.163265306122449,0.031746031746031744,0.21052631578947367,0.05517241379310345,0.07086614173228346,0.45,0.12244897959183673,80.56,7.3,648,126
37469743,0.0736196319018405,0.5454545454545454,0.12972972972972974,0.018518518518518517,0.14285714285714285,0.03278688524590164,0.03067484662576687,0.22727272727272727,0.05405405405405405,60.77,3.8,413,162
35803407,0.09523809523809523,0.16,0.11940298507462685,0.024390243902439025,0.041666666666666664,0.030769230769230767,0.09523809523809523,0.16,0.11940298507462685,75.6,2.5,168,41
18147085,0.11194029850746269,0.75,0.19480519480519481,0.03759398496240601,0.2631578947368421,0.06578947368421052,0.06716417910447761,0.45,0.11688311688311688,60.24,3.1,327,130
37972178,0.07692307692307693,0.125,0.09523809523809525,0.0,0.0,0.0,0.07692307692307693,0.125,0.09523809523809525,74.17,2.5,151,39
38765314,0.20512820512820512,0.34782608695652173,0.2580645161290323,0.02631578947368421,0.045454545454545456,0.03333333333333333,0.07692307692307693,0.13043478260869565,0.0967741935483871,63.81,2.2,105,38
38743089,0.11428571428571428,0.42105263157894735,0.17977528089887637,0.0,0.0,0.0,0.07142857142857142,0.2631578947368421,0.11235955056179775,73.38,2.6,263,70
39445804,0.09523809523809523,0.18181818181818182,0.125,0.0,0.0,0.0,0.07142857142857142,0.13636363636363635,0.09374999999999999,76.36,2.1,165,39
28226694,0.14814814814814814,0.5,0.22857142857142856,0.0125,0.043478260869565216,0.01941747572815534,0.07407407407407407,0.25,0.11428571428571428,72.45,3.0,294,81
14011212,0.07608695652173914,0.3181818181818182,0.12280701754385966,0.02197802197802198,0.09523809523809523,0.03571428571428572,0.05434782608695652,0.22727272727272727,0.08771929824561404,77.12,3.3,389,89
37460682,0.05504587155963303,0.4,0.0967741935483871,0.009259259259259259,0.07142857142857142,0.01639344262295082,0.045871559633027525,0.3333333333333333,0.08064516129032258,81.1,4.2,566,107
31428753,0.05625,0.375,0.09782608695652174,0.0,0.0,0.0,0.03125,0.20833333333333334,0.05434782608695652,74.83,3.9,596,150
30414955,0.10256410256410256,0.43243243243243246,0.16580310880829016,0.0064516129032258064,0.027777777777777776,0.010471204188481674,0.0641025641025641,0.2702702702702703,0.10362694300518134,80.7,4.5,767,148
39076399,0.10679611650485436,0.6111111111111112,0.18181818181818182,0.029411764705882353,0.17647058823529413,0.05042016806722689,0.06796116504854369,0.3888888888888889,0.11570247933884296,71.82,3.1,362,102
35823798,0.1506849315068493,0.4074074074074074,0.22,0.0,0.0,0.0,0.0821917808219178,0.2222222222222222,0.12,82.6,3.2,408,71
30811401,0.05673758865248227,0.3333333333333333,0.09696969696969697,0.0,0.0,0.0,0.0425531914893617,0.25,0.07272727272727272,77.96,4.3,617,136
32557648,0.13793103448275862,0.75,0.23300970873786406,0.011627906976744186,0.06666666666666667,0.0198019801980198,0.06896551724137931,0.375,0.11650485436893203,49.1,2.3,167,85
40369703,0.0847457627118644,0.5769230769230769,0.14778325123152708,0.011363636363636364,0.08,0.01990049751243781,0.05649717514124294,0.38461538461538464,0.09852216748768473,66.28,3.4,513,173
30026001,0.15517241379310345,0.8571428571428571,0.26277372262773724,0.12173913043478261,0.7,0.20740740740740743,0.15517241379310345,0.8571428571428571,0.26277372262773724,86.67,5.3,863,115
35464464,0.11538461538461539,0.3333333333333333,0.17142857142857146,0.0,0.0,0.0,0.07692307692307693,0.2222222222222222,0.1142857142857143,61.65,2.1,133,51
34696593,0.17073170731707318,0.3684210526315789,0.23333333333333336,0.05,0.1111111111111111,0.06896551724137932,0.12195121951219512,0.2631578947368421,0.16666666666666666,82.48,2.9,234,41
40184029,0.15079365079365079,0.6785714285714286,0.24675324675324672,0.072,0.3333333333333333,0.11842105263157894,0.0873015873015873,0.39285714285714285,0.14285714285714285,76.71,6.0,541,126
18118753,0.08450704225352113,0.35294117647058826,0.13636363636363638,0.014285714285714285,0.0625,0.02325581395348837,0.056338028169014086,0.23529411764705882,0.09090909090909091,74.18,3.9,275,71
33670226,0.12,0.2608695652173913,0.1643835616438356,0.0,0.0,0.0,0.08,0.17391304347826086,0.1095890410958904,63.36,3.7,131,48
23687996,0.12,0.72,0.2057142857142857,0.03355704697986577,0.20833333333333334,0.057803468208092484,0.08,0.48,0.13714285714285715,84.08,6.7,911,145
33935224,0.13414634146341464,0.4583333333333333,0.20754716981132074,0.04938271604938271,0.17391304347826086,0.07692307692307693,0.0975609756097561,0.3333333333333333,0.15094339622641506,70.65,3.5,276,81
39919961,0.11016949152542373,0.5652173913043478,0.18439716312056736,0.008547008547008548,0.045454545454545456,0.014388489208633096,0.059322033898305086,0.30434782608695654,0.09929078014184396,78.61,4.6,533,114
18194275,0.07476635514018691,0.2857142857142857,0.1185185185185185,0.009433962264150943,0.037037037037037035,0.015037593984962407,0.04672897196261682,0.17857142857142858,0.07407407407407407,86.95,6.3,797,104
34337476,0.03571428571428571,0.35714285714285715,0.06493506493506494,0.0,0.0,0.0,0.02857142857142857,0.2857142857142857,0.051948051948051945,74.63,4.1000000000000005,536,136
39563678,0.09836065573770492,0.3157894736842105,0.15,0.0,0.0,0.0,0.04918032786885246,0.15789473684210525,0.075,68.23,3.3,192,61
34836996,0.09615384615384616,0.5555555555555556,0.1639344262295082,0.009708737864077669,0.058823529411764705,0.016666666666666666,0.04807692307692308,0.2777777777777778,0.0819672131147541,57.26,3.6,234,100
23156808,0.15454545454545454,0.7391304347826086,0.2556390977443609,0.06422018348623854,0.3181818181818182,0.10687022900763359,0.07272727272727272,0.34782608695652173,0.12030075187969924,76.91,4.2,472,109
38595403,0.06716417910447761,0.2727272727272727,0.10778443113772457,0.007518796992481203,0.03125,0.012121212121212121,0.04477611940298507,0.18181818181818182,0.0718562874251497,52.82,3.4,284,134
35321168,0.09259259259259259,0.6666666666666666,0.16260162601626016,0.037383177570093455,0.2857142857142857,0.06611570247933883,0.05555555555555555,0.4,0.09756097560975609,62.77,5.1000000000000005,282,105
33103763,0.09174311926605505,0.5,0.15503875968992248,0.018518518518518517,0.10526315789473684,0.031496062992125984,0.05504587155963303,0.3,0.0930232558139535,64.03,5.3,303,109
33462376,0.10204081632653061,0.7894736842105263,0.18072289156626506,0.04794520547945205,0.3888888888888889,0.08536585365853658,0.08843537414965986,0.6842105263157895,0.1566265060240964,58.55,3.8,345,143
39064994,0.08860759493670886,0.4666666666666667,0.14893617021276595,0.02564102564102564,0.14285714285714285,0.043478260869565216,0.06329113924050633,0.3333333333333333,0.10638297872340426,40.0,2.4,115,69
35617059,0.10526315789473684,0.5454545454545454,0.1764705882352941,0.035398230088495575,0.19047619047619047,0.05970149253731343,0.07894736842105263,0.4090909090909091,0.1323529411764706,73.32,3.4,416,111
40243246,0.1411764705882353,0.5,0.22018348623853212,0.011904761904761904,0.043478260869565216,0.018691588785046728,0.07058823529411765,0.25,0.11009174311926606,69.78,2.8,268,81
18200899,0.17721518987341772,0.6363636363636364,0.27722772277227725,0.0641025641025641,0.23809523809523808,0.10101010101010101,0.11392405063291139,0.4090909090909091,0.1782178217821782,69.17,2.7,253,78
37911135,0.05263157894736842,0.3333333333333333,0.09090909090909091,0.010638297872340425,0.07142857142857142,0.018518518518518517,0.031578947368421054,0.2,0.05454545454545455,66.06,2.8,277,94
21107631,0.11235955056179775,0.4,0.1754385964912281,0.022727272727272728,0.08333333333333333,0.03571428571428572,0.07865168539325842,0.28,0.12280701754385967,68.75,2.6,272,85
33585129,0.13157894736842105,0.17857142857142858,0.15151515151515152,0.02702702702702703,0.037037037037037035,0.03125,0.07894736842105263,0.10714285714285714,0.09090909090909091,79.12,2.2,182,38
39593375,0.06818181818181818,0.3157894736842105,0.11214953271028037,0.0,0.0,0.0,0.056818181818181816,0.2631578947368421,0.09345794392523364,67.53,2.6,271,88
32259019,0.041474654377880185,0.5294117647058824,0.07692307692307691,0.023148148148148147,0.3125,0.043103448275862065,0.041474654377880185,0.5294117647058824,0.07692307692307691,64.48,4.4,611,217
33482210,0.0761904761904762,0.5,0.13223140495867772,0.009615384615384616,0.06666666666666667,0.01680672268907563,0.047619047619047616,0.3125,0.08264462809917356,73.32,3.2,386,103
35578864,0.1044776119402985,0.6666666666666666,0.18064516129032257,0.05263157894736842,0.35,0.0915032679738562,0.08955223880597014,0.5714285714285714,0.15483870967741933,56.35,2.8,307,134
36009544,0.125,0.5882352941176471,0.20618556701030927,0.0379746835443038,0.1875,0.06315789473684211,0.075,0.35294117647058826,0.12371134020618556,59.24,2.4,184,75
39221421,0.05714285714285714,0.5555555555555556,0.10362694300518134,0.017241379310344827,0.17647058823529413,0.031413612565445025,0.04,0.3888888888888889,0.07253886010362695,66.86,4.2,510,169
32206814,0.06666666666666667,0.47058823529411764,0.11678832116788321,0.0,0.0,0.0,0.058333333333333334,0.4117647058823529,0.1021897810218978,64.35,3.0,331,118
40954441,0.1,0.5,0.16666666666666669,0.011235955056179775,0.058823529411764705,0.018867924528301886,0.06666666666666667,0.3333333333333333,0.1111111111111111,68.71,2.7,278,87
36249174,0.13821138211382114,0.7083333333333334,0.23129251700680273,0.08196721311475409,0.43478260869565216,0.1379310344827586,0.11382113821138211,0.5833333333333334,0.1904761904761905,58.92,3.1,297,122
37617000,0.10344827586206896,0.12,0.11111111111111112,0.0,0.0,0.0,0.06896551724137931,0.08,0.07407407407407408,86.64,2.6,217,29
34856885,0.07048458149779736,0.6956521739130435,0.12800000000000003,0.008849557522123894,0.09090909090909091,0.016129032258064516,0.04405286343612335,0.43478260869565216,0.08,61.9,4.5,588,224
11926406,0.1,0.6538461538461539,0.17346938775510207,0.029585798816568046,0.2,0.05154639175257732,0.07647058823529412,0.5,0.1326530612244898,85.99,7.3,1206,169
28263327,0.06470588235294118,0.4583333333333333,0.1134020618556701,0.0,0.0,0.0,0.041176470588235294,0.2916666666666667,0.07216494845360824,68.05,3.8,532,170
34928569,0.02976190476190476,0.3333333333333333,0.0546448087431694,0.005988023952095809,0.07142857142857142,0.011049723756906077,0.023809523809523808,0.26666666666666666,0.04371584699453552,77.43,4.7,740,167
32841855,0.024390243902439025,0.06666666666666667,0.03571428571428571,0.0,0.0,0.0,0.024390243902439025,0.06666666666666667,0.03571428571428571,67.77,2.1,121,39
33861080,0.06796116504854369,0.3684210526315789,0.11475409836065571,0.00980392156862745,0.05555555555555555,0.016666666666666666,0.04854368932038835,0.2631578947368421,0.0819672131147541,68.4,2.9,307,97
35782996,0.10476190476190476,0.5238095238095238,0.17460317460317462,0.009615384615384616,0.05,0.016129032258064516,0.06666666666666667,0.3333333333333333,0.1111111111111111,68.81,3.1,327,102
28994193,0.11510791366906475,0.5714285714285714,0.1916167664670659,0.021739130434782608,0.1111111111111111,0.03636363636363637,0.07194244604316546,0.35714285714285715,0.11976047904191617,68.71,3.7,441,138
38113154,0.0967741935483871,0.2727272727272727,0.14285714285714285,0.04918032786885246,0.14285714285714285,0.07317073170731707,0.0967741935483871,0.2727272727272727,0.14285714285714285,90.68,4.4,665,62
28221671,0.1095890410958904,0.64,0.1871345029239766,0.05517241379310345,0.3333333333333333,0.09467455621301775,0.0821917808219178,0.48,0.14035087719298245,78.96,4.8999999999999995,675,142
37848685,0.07947019867549669,0.5714285714285714,0.13953488372093026,0.006666666666666667,0.05,0.011764705882352941,0.059602649006622516,0.42857142857142855,0.10465116279069767,74.74,4.0,578,146
39325318,0.06451612903225806,0.2,0.0975609756097561,0.0,0.0,0.0,0.06451612903225806,0.2,0.0975609756097561,68.06,2.4,191,61
34462476,0.05454545454545454,0.16666666666666666,0.08219178082191782,0.0,0.0,0.0,0.03636363636363636,0.1111111111111111,0.0547945205479452,65.41,2.3,159,55
39014189,0.06040268456375839,0.5294117647058824,0.10843373493975904,0.006756756756756757,0.0625,0.012195121951219513,0.040268456375838924,0.35294117647058826,0.07228915662650602,56.16,3.1,333,146
39251723,0.17391304347826086,0.32,0.22535211267605634,0.044444444444444446,0.08333333333333333,0.05797101449275363,0.13043478260869565,0.24,0.16901408450704222,66.14,2.2,127,43
36159560,0.1,0.3611111111111111,0.1566265060240964,0.007751937984496124,0.02857142857142857,0.012195121951219513,0.06153846153846154,0.2222222222222222,0.0963855421686747,68.4,3.5,405,128
36539762,0.05714285714285714,0.11764705882352941,0.07692307692307693,0.0,0.0,0.0,0.02857142857142857,0.058823529411764705,0.038461538461538464,72.22,2.1,126,35
36338244,0.02912621359223301,0.6666666666666666,0.05581395348837209,0.004878048780487805,0.125,0.009389671361502348,0.024271844660194174,0.5555555555555556,0.046511627906976744,67.42,4.7,623,203
38458744,0.19444444444444445,0.25925925925925924,0.2222222222222222,0.05714285714285714,0.07692307692307693,0.06557377049180328,0.1111111111111111,0.14814814814814814,0.12698412698412698,79.66,2.2,177,36
40761080,0.041666666666666664,0.13043478260869565,0.06315789473684211,0.0,0.0,0.0,0.041666666666666664,0.13043478260869565,0.06315789473684211,88.48,4.1000000000000005,625,72
34665648,0.16923076923076924,0.5789473684210527,0.2619047619047619,0.03125,0.1111111111111111,0.04878048780487805,0.09230769230769231,0.3157894736842105,0.14285714285714285,76.62,2.8,278,65
28317963,0.13846153846153847,0.391304347826087,0.20454545454545456,0.0,0.0,0.0,0.1076923076923077,0.30434782608695654,0.15909090909090912,77.09,2.9,275,63
39480963,0.056338028169014086,0.38095238095238093,0.09815950920245399,0.0,0.0,0.0,0.04225352112676056,0.2857142857142857,0.0736196319018405,72.96,4.0,514,139
36609576,0.1590909090909091,0.3684210526315789,0.22222222222222218,0.0,0.0,0.0,0.11363636363636363,0.2631578947368421,0.15873015873015872,72.33,2.3,159,44
40716323,0.08771929824561403,0.3333333333333333,0.1388888888888889,0.0,0.0,0.0,0.07017543859649122,0.26666666666666666,0.11111111111111112,82.03,3.0,306,55
20896894,0.09482758620689655,0.4782608695652174,0.15827338129496402,0.02608695652173913,0.13636363636363635,0.043795620437956206,0.0603448275862069,0.30434782608695654,0.10071942446043165,70.74,3.6,393,115
38004531,0.047058823529411764,0.21052631578947367,0.07692307692307691,0.0,0.0,0.0,0.03529411764705882,0.15789473684210525,0.057692307692307696,79.95,3.2,414,83
35248116,0.11475409836065574,0.3888888888888889,0.17721518987341772,0.0,0.0,0.0,0.06557377049180328,0.2222222222222222,0.10126582278481013,71.43,2.5,210,60
18275858,0.10416666666666667,0.38461538461538464,0.16393442622950818,0.010526315789473684,0.04,0.016666666666666666,0.052083333333333336,0.19230769230769232,0.08196721311475409,71.02,3.1,314,91
38971504,0.08641975308641975,0.7,0.15384615384615385,0.006211180124223602,0.05263157894736842,0.01111111111111111,0.04938271604938271,0.4,0.0879120879120879,69.09,4.0,508,157
34670343,0.12962962962962962,0.35,0.18918918918918917,0.0,0.0,0.0,0.09259259259259259,0.25,0.13513513513513514,66.67,2.2,159,53
28528045,0.06944444444444445,0.3125,0.11363636363636365,0.014084507042253521,0.06666666666666667,0.023255813953488372,0.06944444444444445,0.3125,0.11363636363636365,75.0,2.6,276,69
33327128,0.07407407407407407,0.47058823529411764,0.128,0.018691588785046728,0.125,0.03252032520325203,0.046296296296296294,0.29411764705882354,0.08,59.06,2.7,254,104
38570076,0.05357142857142857,0.14285714285714285,0.0779220779220779,0.0,0.0,0.0,0.05357142857142857,0.14285714285714285,0.0779220779220779,45.1,2.0,102,56
34286028,0.09523809523809523,0.37037037037037035,0.15151515151515152,0.0,0.0,0.0,0.05714285714285714,0.2222222222222222,0.0909090909090909,72.01,3.3,343,96
37631349,0.08333333333333333,0.2631578947368421,0.12658227848101267,0.01694915254237288,0.05555555555555555,0.025974025974025976,0.06666666666666667,0.21052631578947367,0.10126582278481013,69.54,2.3,197,60
40886859,0.11904761904761904,0.2777777777777778,0.16666666666666663,0.0,0.0,0.0,0.09523809523809523,0.2222222222222222,0.13333333333333333,79.06,3.1,191,40
32103205,0.19230769230769232,0.37037037037037035,0.25316455696202533,0.0392156862745098,0.07692307692307693,0.05194805194805195,0.1346153846153846,0.25925925925925924,0.17721518987341772,74.23,2.3,194,50
27206280,0.062146892655367235,0.7333333333333333,0.11458333333333334,0.028409090909090908,0.35714285714285715,0.052631578947368425,0.03389830508474576,0.4,0.0625,78.95,4.7,817,172
30016202,0.08904109589041095,0.5,0.1511627906976744,0.006896551724137931,0.04,0.011764705882352941,0.06164383561643835,0.34615384615384615,0.10465116279069767,54.94,3.0,324,146
40374278,0.1,0.36363636363636365,0.15686274509803924,0.012658227848101266,0.047619047619047616,0.02,0.0625,0.22727272727272727,0.0980392156862745,71.74,2.6,276,78
37025160,0.05319148936170213,0.25,0.08771929824561403,0.0,0.0,0.0,0.05319148936170213,0.25,0.08771929824561403,70.31,2.7,293,87
39426681,0.1232876712328767,0.34615384615384615,0.18181818181818182,0.013888888888888888,0.04,0.020618556701030927,0.1232876712328767,0.34615384615384615,0.18181818181818182,92.98,5.2,1040,73
32557123,0.102803738317757,0.4782608695652174,0.16923076923076924,0.009433962264150943,0.045454545454545456,0.015625,0.06542056074766354,0.30434782608695654,0.10769230769230767,72.1,3.0,362,101
35488481,0.12,0.5,0.1935483870967742,0.04054054054054054,0.17647058823529413,0.06593406593406594,0.09333333333333334,0.3888888888888889,0.15053763440860216,73.55,2.6,276,73
32997872,0.05670103092783505,0.5789473684210527,0.10328638497652583,0.010362694300518135,0.1111111111111111,0.01895734597156398,0.03608247422680412,0.3684210526315789,0.06572769953051642,44.06,2.8,345,193
35649369,0.1111111111111111,0.13793103448275862,0.12307692307692307,0.0,0.0,0.0,0.1111111111111111,0.13793103448275862,0.12307692307692307,76.32,2.2,152,36
36369046,0.08737864077669903,0.4090909090909091,0.14400000000000002,0.00980392156862745,0.047619047619047616,0.016260162601626015,0.06796116504854369,0.3181818181818182,0.11199999999999999,57.81,2.3,237,100
15291712,0.064,0.5714285714285714,0.11510791366906473,0.028112449799196786,0.25925925925925924,0.05072463768115942,0.048,0.42857142857142855,0.08633093525179857,77.51,5.8,1094,246
36892992,0.09090909090909091,0.5714285714285714,0.1568627450980392,0.007633587786259542,0.05,0.013245033112582781,0.05303030303030303,0.3333333333333333,0.0915032679738562,54.8,2.6,281,127
38509806,0.06432748538011696,0.55,0.11518324607329843,0.011764705882352941,0.10526315789473684,0.021164021164021163,0.04678362573099415,0.4,0.0837696335078534,69.55,3.9,555,169
40296747,0.030303030303030304,0.4,0.05633802816901409,0.005076142131979695,0.07142857142857142,0.00947867298578199,0.025252525252525252,0.3333333333333333,0.04694835680751174,73.51,4.5,740,196
35829359,0.11194029850746269,0.5555555555555556,0.1863354037267081,0.022556390977443608,0.11538461538461539,0.03773584905660377,0.05970149253731343,0.2962962962962963,0.09937888198757763,68.04,3.3,413,132
34570139,0.2,0.4166666666666667,0.2702702702702703,0.0,0.0,0.0,0.08,0.16666666666666666,0.10810810810810811,84.35,4.2,294,46
38172940,0.06349206349206349,0.5,0.11267605633802816,0.008,0.06666666666666667,0.014285714285714289,0.047619047619047616,0.375,0.08450704225352113,79.87,4.8,626,126
33464480,0.12941176470588237,0.6111111111111112,0.21359223300970875,0.023809523809523808,0.11764705882352941,0.0396039603960396,0.07058823529411765,0.3333333333333333,0.11650485436893203,77.66,4.4,376,84
22315181,0.1568627450980392,0.4,0.22535211267605632,0.0,0.0,0.0,0.11764705882352941,0.3,0.16901408450704228,64.29,2.2,140,50
36792661,0.14084507042253522,0.5,0.21978021978021978,0.0,0.0,0.0,0.08450704225352113,0.3,0.13186813186813187,76.24,2.9,303,72
39847422,0.13580246913580246,0.4074074074074074,0.2037037037037037,0.025,0.07692307692307693,0.03773584905660378,0.07407407407407407,0.2222222222222222,0.1111111111111111,90.2,4.7,806,79
36078112,0.0546875,0.4117647058823529,0.09655172413793103,0.007874015748031496,0.0625,0.013986013986013986,0.046875,0.35294117647058826,0.08275862068965517,75.62,3.6,525,128
34077864,0.07692307692307693,0.64,0.13733905579399142,0.00966183574879227,0.08333333333333333,0.017316017316017313,0.04807692307692308,0.4,0.08583690987124463,62.39,3.6,553,208
38272238,0.06944444444444445,0.23809523809523808,0.1075268817204301,0.0,0.0,0.0,0.06944444444444445,0.23809523809523808,0.1075268817204301,87.73,3.8,587,72
31623427,0.04861111111111111,0.5,0.08860759493670886,0.013986013986013986,0.15384615384615385,0.025641025641025644,0.027777777777777776,0.2857142857142857,0.05063291139240506,77.73,4.0,633,141
35757640,0.043859649122807015,0.45454545454545453,0.08,0.004405286343612335,0.047619047619047616,0.008064516129032258,0.03070175438596491,0.3181818181818182,0.056,65.08,4.0,610,213
36396069,0.07339449541284404,0.38095238095238093,0.12307692307692308,0.0,0.0,0.0,0.05504587155963303,0.2857142857142857,0.0923076923076923,72.73,3.2,396,108
36349478,0.140625,0.47368421052631576,0.21686746987951808,0.031746031746031744,0.1111111111111111,0.04938271604938271,0.078125,0.2631578947368421,0.12048192771084337,73.04,2.4,230,62
33840258,0.23333333333333334,0.56,0.32941176470588235,0.03389830508474576,0.08333333333333333,0.048192771084337345,0.11666666666666667,0.28,0.16470588235294117,74.89,2.4,219,55
34183785,0.04895104895104895,0.3684210526315789,0.08641975308641975,0.007042253521126761,0.05555555555555555,0.0125,0.03496503496503497,0.2631578947368421,0.0617283950617284,68.81,3.1,420,131
37820092,0.14035087719298245,0.34782608695652173,0.19999999999999998,0.0,0.0,0.0,0.07017543859649122,0.17391304347826086,0.09999999999999999,68.33,2.3,180,57
40915420,0.10465116279069768,0.36,0.16216216216216217,0.023529411764705882,0.08333333333333333,0.03669724770642202,0.08139534883720931,0.28,0.12612612612612614,77.63,3.1,380,85
39223638,0.028985507246376812,0.2,0.05063291139240506,0.0,0.0,0.0,0.028985507246376812,0.2,0.05063291139240506,41.59,2.0,113,66
35540298,0.06666666666666667,0.5,0.11764705882352941,0.014925373134328358,0.11764705882352941,0.026490066225165566,0.044444444444444446,0.3333333333333333,0.0784313725490196,77.2,3.6,557,127
33813048,0.07291666666666667,0.7,0.1320754716981132,0.015706806282722512,0.15789473684210525,0.02857142857142857,0.041666666666666664,0.4,0.07547169811320754,81.79,5.7,1016,185
34832781,0.027624309392265192,0.3333333333333333,0.05102040816326531,0.005555555555555556,0.07142857142857142,0.010309278350515465,0.027624309392265192,0.3333333333333333,0.05102040816326531,68.65,3.8,555,174
38210021,0.056818181818181816,0.2,0.08849557522123894,0.0,0.0,0.0,0.03409090909090909,0.12,0.053097345132743355,70.34,2.6,290,86
39672263,0.05952380952380952,0.5263157894736842,0.10695187165775401,0.011976047904191617,0.1111111111111111,0.021621621621621623,0.041666666666666664,0.3684210526315789,0.0748663101604278,77.37,4.2,707,160
30281742,0.15384615384615385,0.42105263157894735,0.22535211267605634,0.0,0.0,0.0,0.09615384615384616,0.2631578947368421,0.14084507042253522,71.27,2.2,181,52
24550167,0.037383177570093455,0.6666666666666666,0.07079646017699114,0.004694835680751174,0.09090909090909091,0.008928571428571428,0.03271028037383177,0.5833333333333334,0.061946902654867256,62.43,3.7,543,204
34002463,0.031746031746031744,0.25,0.05633802816901408,0.0,0.0,0.0,0.023809523809523808,0.1875,0.04225352112676056,39.8,2.5,201,121
32129337,0.11504424778761062,0.5,0.18705035971223022,0.0,0.0,0.0,0.05309734513274336,0.23076923076923078,0.08633093525179855,73.51,3.1,419,111
34737471,0.14814814814814814,0.32,0.20253164556962025,0.05660377358490566,0.125,0.07792207792207793,0.09259259259259259,0.2,0.12658227848101264,68.45,2.4,168,53
28042625,0.12931034482758622,0.8333333333333334,0.22388059701492538,0.043478260869565216,0.29411764705882354,0.07575757575757575,0.10344827586206896,0.6666666666666666,0.17910447761194032,77.15,3.6,477,109
25744060,0.06422018348623854,0.3684210526315789,0.10937500000000001,0.009259259259259259,0.05555555555555555,0.015873015873015872,0.045871559633027525,0.2631578947368421,0.078125,71.76,3.1,386,109
35316509,0.1276595744680851,0.3,0.17910447761194026,0.021739130434782608,0.05263157894736842,0.03076923076923077,0.0851063829787234,0.2,0.11940298507462686,73.99,2.3,173,45
29017830,0.08695652173913043,0.3076923076923077,0.13559322033898305,0.01098901098901099,0.04,0.017241379310344827,0.05434782608695652,0.19230769230769232,0.0847457627118644,58.88,2.4,214,88
38700694,0.05319148936170213,0.19230769230769232,0.08333333333333334,0.010752688172043012,0.04,0.016949152542372885,0.0425531914893617,0.15384615384615385,0.06666666666666667,61.34,2.3,238,92
40448904,0.06722689075630252,0.27586206896551724,0.1081081081081081,0.00847457627118644,0.03571428571428571,0.0136986301369863,0.05042016806722689,0.20689655172413793,0.08108108108108107,70.2,3.0,396,118
35011005,0.12790697674418605,0.5238095238095238,0.205607476635514,0.03529411764705882,0.15,0.05714285714285714,0.05813953488372093,0.23809523809523808,0.09345794392523364,66.26,2.5,243,82
36253685,0.2894736842105263,0.36666666666666664,0.32352941176470584,0.05405405405405406,0.06896551724137931,0.06060606060606061,0.15789473684210525,0.2,0.17647058823529413,72.46,2.0,138,38
34085793,0.09375,0.4,0.1518987341772152,0.031746031746031744,0.14285714285714285,0.051948051948051945,0.078125,0.3333333333333333,0.12658227848101264,67.01,2.2,194,64
38132065,0.08823529411764706,0.6428571428571429,0.15517241379310345,0.014778325123152709,0.1111111111111111,0.026086956521739126,0.058823529411764705,0.42857142857142855,0.10344827586206895,60.87,3.3,506,198
36114402,0.11926605504587157,0.6190476190476191,0.2,0.018518518518518517,0.1,0.03125,0.06422018348623854,0.3333333333333333,0.10769230769230768,63.97,2.7,297,107
26320715,0.06451612903225806,0.34782608695652173,0.10884353741496598,0.008130081300813009,0.045454545454545456,0.013793103448275864,0.03225806451612903,0.17391304347826086,0.05442176870748299,74.58,3.7,472,120
37723666,0.13432835820895522,0.45,0.20689655172413793,0.030303030303030304,0.10526315789473684,0.047058823529411764,0.07462686567164178,0.25,0.11494252873563218,73.9,2.6,249,65
37067589,0.12307692307692308,0.4,0.18823529411764708,0.046875,0.15789473684210525,0.07228915662650602,0.07692307692307693,0.25,0.11764705882352941,90.65,4.6,695,65
40639370,0.09482758620689655,0.5,0.15942028985507245,0.017391304347826087,0.09523809523809523,0.029411764705882356,0.05172413793103448,0.2727272727272727,0.08695652173913043,66.38,3.0,345,116
39438081,0.09467455621301775,0.6153846153846154,0.16410256410256407,0.023809523809523808,0.16,0.04145077720207254,0.0650887573964497,0.4230769230769231,0.11282051282051282,64.71,3.3,459,162
